{"cameraMode":{"drawMode":0,"name":"Shaded","section":"Shading Mode"},"sceneLighting":true,"audioPlay":false,"sceneViewState":{"showFog":true,"showMaterialUpdate":false,"showSkybox":true,"showFlares":true,"showImageEffects":true,"showParticleSystems":true},"in2DMode":false,"pivot":{"x":-1.794564962387085,"y":0.06714773178100586,"z":15.213136672973633},"rotation":{"x":-0.16456003487110139,"y":0.006506599020212889,"z":-0.0010858335299417377,"w":-0.9863450527191162},"size":2.9041683673858644,"orthographic":false}