{"cameraMode":{"drawMode":0,"name":"Shaded","section":"Shading Mode"},"sceneLighting":true,"audioPlay":false,"sceneViewState":{"showFog":true,"showMaterialUpdate":false,"showSkybox":true,"showFlares":true,"showImageEffects":true,"showParticleSystems":true},"in2DMode":false,"pivot":{"x":1.1758348941802979,"y":-12.956151962280274,"z":37.517784118652347},"rotation":{"x":-0.20137792825698853,"y":-0.021452374756336213,"z":0.004411415196955204,"w":-0.9792687892913818},"size":44.30213928222656,"orthographic":false}