{"cameraMode":{"drawMode":0,"name":"Shaded","section":"Shading Mode"},"sceneLighting":true,"audioPlay":false,"sceneViewState":{"showFog":true,"showMaterialUpdate":false,"showSkybox":true,"showFlares":true,"showImageEffects":true,"showParticleSystems":true},"in2DMode":false,"pivot":{"x":4.758360862731934,"y":-23.907302856445314,"z":85.670654296875},"rotation":{"x":-0.27421873807907107,"y":-0.015292608179152012,"z":0.0043612197041511539,"w":-0.9615358710289002},"size":55.664405822753909,"orthographic":false}